created_at,id_str,text
Sat May 23 23:51:22 +0000 2020,1264343194214502405,Klaus n√£o decepciona
Sat May 23 23:51:22 +0000 2020,1264343195036590082,eu gostava mais dos pr√©-adolescentes quando eles ficavam o dia inteiro na internet idolatrando o bolsonaro
Sat May 23 23:51:22 +0000 2020,1264343195103657985,"Pronunciamento do senhor presidente da rep√∫blica, Jair Bolsonaro. https://t.co/haDDu8V4mb"
Sat May 23 23:51:22 +0000 2020,1264343196177502209,vtnc besteira do caralho so pq 17 eh o numero do bolsonaro
Sat May 23 23:51:23 +0000 2020,1264343196437557250,"#VaiTrabalharVagabundo 
Fora Bolsonaro e Mour√£o."
Sat May 23 23:51:23 +0000 2020,1264343198119464962,"Senhoras e senhores, o humorista que diz comer at√© um beb√™ est√° escandalizado com palavr√µes."
Sat May 23 23:51:23 +0000 2020,1264343200094982144,https://t.co/olqrrjMNuO
Sat May 23 23:51:24 +0000 2020,1264343200795430914,#vaitrabalharvagabundo
Sat May 23 23:51:24 +0000 2020,1264343201277784064,"@Criesinwhoree Trueeeee!! √â que o gajo devia ser do tipo:
-Epahh sou virgem
*Bolsonaro fode o Brasil por completo*
-Nao mais eHeHeH üëå"
Sat May 23 23:51:24 +0000 2020,1264343201789480960,Hiena que fugiu com o rabo entre as pernas.
Sat May 23 23:51:24 +0000 2020,1264343202200510470,"@Aki_bolsojp Jair Bolsonaro 2022

#Bolsonaroreeleitoüáßüá∑ 

SDV todos da Direita"
Sat May 23 23:51:24 +0000 2020,1264343203676856323,"@ricardosetti @BlogdoNoblat E toda a PF junto no saco. Mas eu quero saber quais informa√ß√µes sigilosas e confidenciais Bolsonaro est√° trocando na ""rede privada"" de seguran√ßa que ele confia. A Rede Whatsapp de Intelig√™ncia."
Sat May 23 23:51:26 +0000 2020,1264343211427930112,"@DraClaudiaBr @DamaresAlves SOMOS 100% BOLSONARO,chupa esquerdalha."
Sat May 23 23:51:27 +0000 2020,1264343214598873089,Adorei!!! #ForaBolsonaro
Sat May 23 23:51:27 +0000 2020,1264343215123169280,"flay rafa porno porn +18 t√≥xico exposed  come√ßou o bbb lesbian  chay suede au views bolsonaro fav esse tweet famosinha squad bombooclat sdv follow trick gay unf nsfw manu √© prior ivy #AnittaLatinosUnidos #followtrick 
https://t.co/NPds5Em7Qy"
Sat May 23 23:51:27 +0000 2020,1264343216029122563,"Bozo, o psicopata, saiu agora a pouco para comer cachorro-quente e se mostrar para meia d√∫zia de fan√°tico idiotas e √© obrigado a fugir debaixo de vaias e panela√ßos. Pat√©tico!!
https://t.co/VJkcRDsaAt via @UOLNoticias @UOL"
Sat May 23 23:51:27 +0000 2020,1264343217048297472,Bolsonaro chama Globo de TV Funer√°ria https://t.co/omfNchZBJs
Sat May 23 23:51:28 +0000 2020,1264343219913007104,Recadim pra elas as obscenas üòÇüòÇüòÇüòÇüòÇ https://t.co/2ks66qloiU
Sat May 23 23:51:29 +0000 2020,1264343221561372672,V√≠deos q aquecem meu ‚ù§
Sat May 23 23:51:29 +0000 2020,1264343222429589504,"A CORRUP√á√ÉO LESA OS COFRES PUBLICOS ENTAO TA TUDO BEM ? voce esta lucido ? para de fumar essa porra do Gregorio  que nao esta fazendo bem, aqui ... Rasga o c√∫ com a unha ... pq 2022 e Bolsonaro ...kkkk"
Sat May 23 23:51:29 +0000 2020,1264343222815526912,"VSF, N√ÉO AGUENTO MAIS AS PALAVRAS BOLSONARO E COVID-19 https://t.co/8HG3zdCoRf"
Sat May 23 23:51:29 +0000 2020,1264343223545323521,"@Fabiana30155982 @filgmartin @felipeneto Bolsonaro tbm j√° falou ""companheiro"" algumas vezes. Isso √© coisa de milit√¢ncia. Vc tem raz√£o, √© coisa de ideologia. Obrigada, amigo!"
Sat May 23 23:51:30 +0000 2020,1264343225810202625,"Hahahaha boa garota!!

üëèüëèüëèüëèüëä"
Sat May 23 23:51:30 +0000 2020,1264343226183532550,@mxllnv @siquara O respons√°vel por eleger Bolsonaro foram os roubos do PT. Isso √© uma verdade inconteste.
Sat May 23 23:51:30 +0000 2020,1264343226942656515,Mete o p√© da√≠ ent√£o faz favor
Sat May 23 23:51:30 +0000 2020,1264343227198562304,"@MacedoPiita Acontece que o antipetismo pode nos jogar a um segundo turno Entre Bozo e PT. O que voc√™ escolhe? Bolsonaro foi eleito pelo antipetismo, ele tinha os mesmos 30% antes da elei√ß√£o de 2018. So rezo para que ele n√£o possa participar em 2022"
Sat May 23 23:51:30 +0000 2020,1264343228486242309,"@PitolFrancisco @Estadao N√£o conhe√ßo um eleitor do Bolsonaro que esteja arrependido, pelo contr√°rio, j√° iniciamos a campanha pra 2022. √â o melhor presidente de todos os tempos!!!!"
Sat May 23 23:51:30 +0000 2020,1264343229245411330,"@VillaMarcovilla Sobre o video da reuni√£o com Bolsonaro.

O que eu ouvi:
""Eu t√¥ me lixando para a reelei√ß√£o""
""O povo me cobra e n√≥s temos que dar resposta""
""Est√£o algemando gente de bem e n√£o podemos ficar calados""
""Eu vou a qualquer lugar do territ√≥rio nacional"", e muito mais..#100%BOLSONARO"
Sat May 23 23:51:31 +0000 2020,1264343230327468034,"@claudioedantas @YouTube Celso de Melo(cabo eleitoral do Bolsonaro),Levandowski,Gilamar Mendes e Dias Toffoli"
Sat May 23 23:51:31 +0000 2020,1264343231464169473,"@FeiticeiroGato Amigo, Bolsonaro foi eleito com o voto de protesto em rela√ß√£o ao PT. Hoje, ele perdeu praticamente todos estes votos. Ele mantem os 25% do gado, mas n√£o se reelege com isso! Todos os que votaram assim N√ÉO VOTAM MAIS nele."
Sat May 23 23:51:31 +0000 2020,1264343231917105153,que delicinha de v√≠deo ü§§
Sat May 23 23:51:31 +0000 2020,1264343232588242945,Odio do bolsonaro
Sat May 23 23:51:31 +0000 2020,1264343233917865984,@CRISTIANE070711 @enquetes15 Sim continuo acreditando em Bolsonaro e continuamos unidos pelo bem e √† liberdade do povo brasileiro. Juntos continuamos fortes em combater os corruptos e aparelhagem em todo o sistema pol√≠tico que continua sendo uma vergonha.
Sat May 23 23:51:32 +0000 2020,1264343237113806848,"@g1 Sabe oq √© pior, Moro se acha com moral ouvindo aquilo tudo... Fez parte do governo e s√≥ saiu pq n√£o fizeram oq ele queria. P mim, ele √© muito pior que o Bolsonaro, o presidente  mantem o decoro popular.."
Sat May 23 23:51:32 +0000 2020,1264343237780819968,"Demorou para os vermes comunistas fofoqueiros de plant√£o aparecer
#FolhaLixo"
Sat May 23 23:51:33 +0000 2020,1264343238275727361,"@moura_101 A verdade prevalece:

https://t.co/C1dyZkWhZ9"
Sat May 23 23:51:33 +0000 2020,1264343238858674176,"@Sen_Cristovam Chamar Jesus de gay, Maria de prostituta, enfiar crucifixo no rabo... Nada choca esse povo, SOMENTE os palavr√µes do Bolsonaro?"
Sat May 23 23:51:33 +0000 2020,1264343239269797895,Por eso es que en Colombia no permiten el porte legal de armas para toda la poblaci√≥n...
Sat May 23 23:51:33 +0000 2020,1264343238741307394,"‚Äò√â inconstitucional‚Äô, diz Ivan Sartori, ex-presidente do TJSP, sobre decis√£o do STF

Por conta da decis√£o do STF, o desembargador aposentado acredita que o presidente Jair Bolsonaro n√£o pode ser responsabilizado por a√ß√µes de combate ao coronav√≠rus no pa√≠s
https://t.co/gR93aICvy2 https://t.co/7MWdUCjku5"
Sat May 23 23:51:33 +0000 2020,1264343240326725632,"@FlavioBolsonaro Sim....um presidente que ama esse pa√≠s. O v√≠deo √© uma declara√ß√£o de amor do Presidente Bolsonaro ao Brasil e aos Brasileiros. üáßüá∑‚úÖ
Pois √©.....antecipadamente reeleito!üëä
#BolsonaroReeleito 
#FechadoComBolsonaro"
Sat May 23 23:51:33 +0000 2020,1264343241274593280,@tweetjulia_ S√≥ votaram errado no Bolsonaro
Sat May 23 23:51:34 +0000 2020,1264343245326356483,"√â um Z√© Ruela! Quero ver Bras√≠lia daqui a 30 dias! Que Deus me perdoe, mas vai ser vem feito!"
Sat May 23 23:51:34 +0000 2020,1264343245699588097,KAKSKKEWKWKKWQKWKSKW tadoido eu sou besta dms por rir d um trem desse
Sat May 23 23:51:35 +0000 2020,1264343246815268864,"@CambeiroMaria Agora queremos o celulares de Ad√©lio e seus advogados,ou s√≥ √© macho com o presidente? Quem mandou matar Bolsonaro.yb queremos saber quem mandou matar Celso Daniel e Toninho do PT. E n√£o fique irritado por serem taxados de vagabundos pq o ministro da educa√ß√£o  trabalha."
Sat May 23 23:51:35 +0000 2020,1264343247767384065,"@evelynbarros01 N√£o acho que seja vergonhoso votar nele. A vergonha est√° em admitir apoi√°-lo cegamente. Em 2018 proletariados votaram em peso no Bolsonaro, n√£o foi s√≥ a elite (isso sem contar que a elite tendeu para Amoedo ~ banc√°rios, e Meirelles). Nossa classe n√£o √© burra, s√≥ √© oprimida."
Sat May 23 23:51:35 +0000 2020,1264343248614707203,@zdoficial √â ver o Datena em p√∫blico e ao vivo que nunca mais quer entrevistar Bolsonaro. ..xüòÇ
Sat May 23 23:51:35 +0000 2020,1264343249633841154,familia.
Sat May 23 23:51:35 +0000 2020,1264343250506330116,"@Aki_bolsojp Jair Bolsonaro 2022

#Bolsonaroreeleitoüáßüá∑ 

SDV todos da Direita"
Sat May 23 23:51:35 +0000 2020,1264343250544009219,"#VaiTrabalharVagabundo 
Fora Bolsonaro e Mour√£o."
Sat May 23 23:51:36 +0000 2020,1264343252632813568,"O conceito de povo perdeu o sentido, quando se percebe que povo √© bolsonarismo, a metade daqueles que votou em Bolsonaro. Os relativistas morais que julgaram tanto o banditismo do PT e CiA, mas relativizam crimes explicitos. N√£o √© insanidade, falta de vergonha mesmo."
Sat May 23 23:51:36 +0000 2020,1264343253400379394,o brasil que o gado do bolsonaro vive √© uma coisa totalmente fora da realidade
Sat May 23 23:51:36 +0000 2020,1264343254067183618,"Se fosse o Lula a√≠ o mundo estaria acabando, mas como √© o Bolsonaro pode. Ele caga todo dia na cara do brasileiro e pasmem, tem quem goste e defenda. 
Brasileiro gosta √© de time, escolhe um pra torcer e foda-se o que ele faz."
Sat May 23 23:51:37 +0000 2020,1264343257707839489,"#GNewsDebate
Bolsonaro 2022! J√° comecei a campanha. Quem mais?
kkkk O v√≠deo que ""destruiria Bolsonaro"" o reeleger√°!

#HelenoJaTaNaHora https://t.co/DC1kBM4eB1"
Sat May 23 23:51:37 +0000 2020,1264343258580295682,"@GeorgMarques S√≥ se isso ficou claro em sua mente pequena.
Ficou bem claro quem √© quem ali e Bolsonaro continua o mesmo.
#BolsonaroReeleito"
Sat May 23 23:51:38 +0000 2020,1264343260106903552,acho que o bolsonaro falou mais palavr√µes que o leonardo dicaprio em o lobo de wall street!
Sat May 23 23:51:38 +0000 2020,1264343261013032961,SATISFAT√ìRIO DEMAIS
Sat May 23 23:51:38 +0000 2020,1264343261277237252,"@meirabarreto @marceloflopes @JornalismoWando ATEN√á√ÉO! Bolsonaro cobra informa√ß√µes de Moro e avisa: ‚ÄòN√£o vou me omitir‚Äô
‚ÄòFor√ßa Nacional, Ibama e Funai... As coisas chegam a mim por terceiros, n√£o vou me omitir‚Äô, diz Bolsonaro em nova mensagem"
Sat May 23 23:51:38 +0000 2020,1264343261570912256,"@Estadao E o povo paulista ainda n√£o acredita nestes n√∫meros.

Querem o triplo disso, para culparem o D√≥ria, que at√© fez a sua parte, mas n√£o o Bolsonaro, que nem plano para combater a pandemia tem kkkkkk"
Sat May 23 23:51:38 +0000 2020,1264343261906374656,@BerresAdriano @PitolFrancisco @CNNBrasil Engra√ßado tudo isso que voc√™ falou Bolsonaro t√° fazendo com o centr√£o
Sat May 23 23:51:38 +0000 2020,1264343261864431616,"E viva Bolsonaro!!
#BolsonaroReeleito"
Sat May 23 23:51:38 +0000 2020,1264343262149697538,"harry styles ariana gaga rain on me sour candy chromatica kpop jikook taekook au +18 hot porn porn√¥ lesbian webdom dom sub websub nicki felipe neto bolsonaro coronav√≠rus #followtrick siga todos que fav esse tweet rt mutuals boneco sorry jungkook bts lana
https://t.co/xiPgpjOc1s"
Sat May 23 23:51:38 +0000 2020,1264343262116089857,@laderechadiario Que extra√±o se te olvid√≥ mencionar la parte en que dice que va a intervenir para que no investiguen a su familia y amigos. https://t.co/Y3e6T5rMyW
Sat May 23 23:51:39 +0000 2020,1264343264515239942,"Eu meio que fiquei com d√≥ dele nesse v√≠deo, tipo o cara t√° tentando bater uma alimenta√ß√£o e o povo gritando"
Sat May 23 23:51:39 +0000 2020,1264343264905302017,"@Ramonmendes20 @spmoura @g1 Claro, nos EUA tem o Trump que consegue ser pior q o Bolsonaro, e claro que ele n√£o inventou o v√≠rus mas n√£o est√° ajudando a combater"
Sat May 23 23:51:39 +0000 2020,1264343265991700480,"@RevistaCrusoe SOMOS 100% BOLSONARO,chupa esquerdalha."
Sat May 23 23:51:39 +0000 2020,1264343265912000516,Nem a m√£e dela aguentou tanta putaria dentro da casa dela.
Sat May 23 23:51:39 +0000 2020,1264343266343952386,"@RubensNunesMBL #vaitrabalharvagabundo 
Bolsonaro, vagabundo!"
Sat May 23 23:51:39 +0000 2020,1264343266478227456,"V√çDEO: ‚ÄúVai trabalhar, vagabundo‚Äù gritam manifestantes para Bolsonaro https://t.co/qKIv8KWDdd"
Sat May 23 23:51:39 +0000 2020,1264343267098988546,"#BolsonaroReeeleito a galera t√° percebendo que Bolsonaro t√° com raz√£o e estao atacando ele de todos os lados, e n√£o s√≥ a ele a n√≥s tamb√©m, ficam falando o que estamos venerando nosso novo messias, e eles que veneram seu animalzinho de 9 dedos."
Sat May 23 23:51:39 +0000 2020,1264343267497443333,eu s√≥ queria jogar meus joguinhos fazer livezinha de terraria com a trivia mas o brasil n√£o deixa .bolsonaro filha da puta
Sat May 23 23:51:40 +0000 2020,1264343271574290432,üëäüèªüëäüèª
Sat May 23 23:51:41 +0000 2020,1264343271897206785,"#VaiTrabalharVagabundo depois do pedido da Anitta
""Ei Bolsonaro vai tomar no cu"" 
Bolsonaro elogia o salsich√£o o molho disse que √© sua hemorr√≥ida, na reuni√£o pediu pra n√£o mexer, n√£o comer sua hemorr√≥ida"
Sat May 23 23:51:41 +0000 2020,1264343272778055680,@depheliolopes Bolsonaro com a oposi√ß√£o: https://t.co/Wfj5viYjaR
Sat May 23 23:51:41 +0000 2020,1264343273730121729,Pra esse ser um bom FODA-SE! E que caiam no esquecimento merecido!
Sat May 23 23:51:41 +0000 2020,1264343275218956288,Algm entendeu a parte da hemorroida ?
Sat May 23 23:51:42 +0000 2020,1264343276255141888,Vai trabalhar vagabundo
Sat May 23 23:51:42 +0000 2020,1264343278423609345,H√° coitado
Sat May 23 23:51:43 +0000 2020,1264343280130691072,"Gente, s√≥ quero acrescentar algo muito relevante no tocante √† arma de fogo. Quando Bolsonaro trata do cidad√£o com arma de fogo, √© esse o imagin√°rio de quem acolhe com carinho sua narrativa. Taokey? üòâ https://t.co/HT2kBbTVQv"
Sat May 23 23:51:43 +0000 2020,1264343281309229058,"@Antonio46684810 @V4ldeirOficial @RosyOliveiraAg2 @ValdeirLiesner @FabianaBPB @mfmbarr @paulodaieq @mcruz2000 @MarkusGuimas2 @RegisRoseli @SummerDays52 @GiceliSilvaDeS1 @MotaJunior7 @patriota189 @pensadorpensa @sandro_vanessa @Guerreiro762 @Beto20288 @tnunes26 Apoiem o Site https://t.co/JBv2ofp1bG -

o Site LOCALMAPA Ap√≥ia #BolsonaroReeleito  

Siga Tamb√©m, Bolsonarista, Bolsonariano SIGO TODOS

AQUI √â BOLSONARO -"
Sat May 23 23:51:43 +0000 2020,1264343282345181196,"Bolsonaro nunca trabalhou em sua vida pol√≠tica, n√£o seria como presidente que come√ßaria. A concep√ß√£o administrativa de Bolsonaro √© instalar o caos, construir inimigos imagin√°rios e combater um comunismo que n√£o existe no BR.
 #VaiTrabalharVagabundo https://t.co/pNR1S0IWW4"
Sat May 23 23:51:43 +0000 2020,1264343284081721350,"Bolsonaro va a la playa y LOCOTRUMP juega golf, y sus pa√≠ses son el epicentro de CONVID 19 en Am√©rica..."
Sat May 23 23:51:44 +0000 2020,1264343284631179267,@a_mirta Negacionismo. Bolsonaro hace lo mismo
Sat May 23 23:51:44 +0000 2020,1264343285012856832,@dimacgarcia @SF_Moro Voc√™ diz no seu perfil que trabalha com fatos. Os fatos foram apresentados ou voc√™ acredita que Bolsonaro falava da seguran√ßa nacional GSI?
Sat May 23 23:51:44 +0000 2020,1264343285100875781,"DESgoverno
#VaiTrabalharVagabundo 
Greta tem raz√£o
#Cassa√ß√£oDaChapaBolsonaroMour√£o 
Celso de Mello divulgou
#ForaBolsonaro 
#TodosPeloImpeachment"
Sat May 23 23:51:44 +0000 2020,1264343286120054784,#vaitrabalharvagabundo
Sat May 23 23:51:45 +0000 2020,1264343290410909699,Nunca pensei q diria isso mas: Bolsonaro vai cair !!!
Sat May 23 23:51:45 +0000 2020,1264343292084400128,@senadorhumberto @jairbolsonaro @SF_Moro Bolsonaro n√£o √© ladr√£o igual uma quadrilha que saqueou o Brasil.
Sat May 23 23:51:46 +0000 2020,1264343294433210381,"Tem uma ou duas pessoas xingando o bolsonaro num v√≠deo a√≠ e os bobos j√° est√£o achando que o ""pov√£o"" t√° contra ele kkkkkkk"
Sat May 23 23:51:46 +0000 2020,1264343294802309126,"@ethelstarwars @Pato Querida, com o centr√£o do lado do Bolsonaro, ele s√≥ sai em 2022, provavelmente ser√° reeleito, j√° que n√£o tem um candidato que concorra com ele"
Sat May 23 23:51:46 +0000 2020,1264343296547192840,#vaitrabalharvagabundo
Sat May 23 23:51:47 +0000 2020,1264343298224926720,"@AndreiaSadi @GloboNews N√£o ligo n√£o. Sem o menor interesse em ver o show de horrores sobre tudo que se refere ao governo! Assunto: Bolsonaro honesto, Bolsonaro democr√°tico, Bolsonaro impaciente com corruptos...."
Sat May 23 23:51:47 +0000 2020,1264343299395072000,"@glaucolobofilho Doutor, bem vindo ao planeta Terra. Aqui o que deveriamos ter como exemplo e atitude, amor ao pr√≥ximo, √© uma utopia. Direitos Humanos? O certo seria direitos dos manos. A nossa esperan√ßa de diminuir essa desigualdade no Brasil est√° depositada em Bolsonaro e sua equipe. Orando..."
Sat May 23 23:51:47 +0000 2020,1264343299546103813,Segue dando exemplo.
Sat May 23 23:51:48 +0000 2020,1264343301878157316,Parece que est√° bem claro isto. Preparando o campo para os militates.
Sat May 23 23:51:48 +0000 2020,1264343302087868418,Nose que me da mas miedo si Bolsonaro u otro posible dictadura en latinoamerica. Posta que es muy heavy todo lo que esta pasando en Brasil
Sat May 23 23:51:48 +0000 2020,1264343304101081088,"N√£o adianta se preocupar com o n√≠vel de palavras torpes do nosso PR. A nossa preocupa√ß√£o est√° no n√≠vel de seu car√°ter em n√£o se corromper.

Tem palavr√£o sim, mas n√£o tem corrup√ß√£o.

‚ÄúP√©ssimo exemplo o cacete, tem gente passando fome. Tem que sentir cheiro do povo!‚Äù
-PR. BOLSONARO"
Sat May 23 23:51:49 +0000 2020,1264343305619456004,"@mathpasquarelli ativado modo turbo:
N√£o conhe√ßo um eleitor do Bolsonaro que esteja arrependido, pelo contr√°rio, j√° iniciamos a campanha pra 2022. √â o melhor presidente de todos os tempos!!!!"
Sat May 23 23:51:49 +0000 2020,1264343306357608449,"@GoulartLula @onyxlorenzoni Falou puritana!!! Bolsonaro lavou a alma do povo! At√© eu tive vontade de ajudar c os palavr√µes! Vibrei com as verdades ditas. T√° certo: q prender gente honesta o que? N√£o pode. Prender os pelegos do STF simmmm, s√£o a liga do mal esquerdo!"
Sat May 23 23:51:49 +0000 2020,1264343306693218312,Afastar os ministros do STF... s√£o nocivos ao Brasil.
Sat May 23 23:51:49 +0000 2020,1264343307150340102,"√â uma pena que a Globo lixo, n√£o atue com imparcialidade... Bolsonaro tem feito muito pelo Brasil. S√©rgio Conje Moro deu um tiro no p√©...Hoje MORO √© odiado pela esquerda e direita. Pessoa desqualificada...Sem moral. #BolsonaroAcimaDeTodos"
Sat May 23 23:51:49 +0000 2020,1264343308148637696,#CoronaVirusUpdate #bolsonaro #lula #brasil #vote
Sat May 23 23:51:49 +0000 2020,1264343308320399365,"@Fernando1MP @Luis_Endera En realidad no tienen, pero los Gobernadores est√°n haciendo o√≠dos sordos a lo que dice el energ√∫meno de Bolsonaro. Pero en Brasil se est√° viendo las tremendas desigualdades que hay y las carencias sanitarias sobretodo en el Norte y Nordeste. (1)"
Sat May 23 23:51:49 +0000 2020,1264343308588982279,Minha fam√≠lia falando de pol√≠tica e eu lembrando dos tweets do Eduardo Bolsonaro kkk
Sat May 23 23:51:49 +0000 2020,1264343309251760130,"@jpdoficial1 O Hitler era respeitado e temido pelos Alem√£es. O Bolsonaro √© ridicularizado por toda humanidade, principalmente pelos brasileiros. Outra: o Hitler fez a economia crecer e acabou com o desemprego. O Bolsonaro provocou a maior recessao desde 1901 e aumentou o desemprego."
Sat May 23 23:51:49 +0000 2020,1264343309444669446,"Assista a ""Globo MENTIU sobre Bolsonaro, e precisou PEDIR DESCULPA AO VIVO - William Bonner mentiroso"" no YouTube https://t.co/GO7S2VLH6s"
Sat May 23 23:51:50 +0000 2020,1264343310073843715,"@claudioedantas O problema do Bolsonaro  √© que ele da muito ouvidos a Olavo De Carvalho.
Depois que o Olavo virou o seu guru o Bolsonaro se perdeu completamente."
Sat May 23 23:51:50 +0000 2020,1264343310228951041,Opini√£o - Janio de Freitas: Gana de Bolsonaro armar 'todo mundo' vem da sua propens√£o obsessiva para a morte alheia https://t.co/v6Ek2fbZ3M
Sat May 23 23:51:52 +0000 2020,1264343318399528960,"@UOLNoticias Jair Bolsonaro ir√° dar um golpe, ningu√©m v√™ isso meus Deus algu√©m fa√ßa alguma  coisa! Esse √© o plano dele causar p√¢nico na popula√ß√£o e dar o golpe. Ele vai dizer que tento fazer de tudo para harmonia n√£o havendo sucesso aplica o art.142 @NacoesUnidas Brasil clara socorro."
Sat May 23 23:51:52 +0000 2020,1264343318827356161,Nao podenos permitir que nos censurem nas redes.
Sat May 23 23:51:52 +0000 2020,1264343319129227264,"@Naiara13santana
h Para Tha√≠s Oyama, autora do livro 'Tormenta ‚Äì O governo Bolsonaro: crises, intrigas e segredos' a resposta √© sim.
ttp://brazukanews.org/nota-o-gsi-e-um-blefe-bolsonaro-estaria-disposto-a-ir-ate-o-fim/"
Sat May 23 23:51:52 +0000 2020,1264343319578058752,"@UOLNoticias N√ÉO SOU ELEITOR DO BOLSONARO !
No entanto, nesse caso √© coerente a sua preocupa√ß√£o."
Sat May 23 23:51:52 +0000 2020,1264343320211402754,"@carlosjordy Manchete Foice de S√£o Paulo """"""""""BOLSONARO DIZ - √â F√ÅCIL IMPLANTAR DITADURA NO BRASIL""""""""""

Manchete Globolixo """"""""""BOLSONARO DIZ - VOU INTERVIR """"""""""

Manchete O ANTAgonista """""""""" BOLSONARO DIZ - PORRA """""""""""
Sat May 23 23:51:52 +0000 2020,1264343320639258625,"It‚Äôs no accident as many former top-level Obama, Bush &amp; Clinton admin officials have noticed: ‚ÄúTrump is FAR more comfortable in the company of dictators like Putin, Kim Jong-un, Erdoƒüan, Rodrigo Duterte &amp; Brazil‚Äôs latest fascist dictator, Jair Bolsonaro."
Sat May 23 23:51:53 +0000 2020,1264343322778374146,"Quem votou no Bolsonaro sabia que ele era um filho da puta.

Imposs√≠vel escapar: o que a R√∫ssia preparou para destruir porta-avi√µes inimigos: https://t.co/J6E5rSzeuu via @sputnik_brasil"
Sat May 23 23:51:53 +0000 2020,1264343322782511104,JAJAJAJAJJAJA
Sat May 23 23:51:53 +0000 2020,1264343325089431556,"FHC √© o maior CANALHA da hist√≥ria da Rep√∫blica Federativa do Brasil. Agora, tentando ser o articulador dos golpistas. 
üáßüá∑üí™üëç3Ô∏è‚É£8Ô∏è‚É£
#BolsonaroReeleito"
Sat May 23 23:51:54 +0000 2020,1264343328423849990,"@jornaldarecord colocar  o tal advogado vermelho kakai pra comentar sobre o video...nos poupe...pqp,,,voces estao a dias tentando arrumar culpa em bolsonaro...o que ta acontecendo...pqp....vtc...."
Sat May 23 23:51:55 +0000 2020,1264343331192090625,* tem uma cara de quem votou no bolsonaro
Sat May 23 23:51:55 +0000 2020,1264343332161040385,okkkkkkkkkkkk
Sat May 23 23:51:55 +0000 2020,1264343333486419969,kkkkkkkkkkk
Sat May 23 23:51:55 +0000 2020,1264343333654102016,"@sergiodireita1 RESUMO DO V√çDEO:
- Bolsonaro disse interferir na PF para proteger a fam√≠lia; 
- Weintraub quer prender o STF;
- Damares quer prender de prefeitos e governadores que fazem confinamento;
- Salles quis passar reformas na Amaz√¥nia enquanto geral tava distra√≠do com o coronav√≠rus"
Sat May 23 23:51:55 +0000 2020,1264343334480424960,"Simplesmente MITOOO
#BolsonaroReeleito"
Sat May 23 23:51:56 +0000 2020,1264343335055089664,#vaitrabalharvagabundo Fl√°vio Bolsonaro usou carro oficial s√°bado e domingo para atividades de lazer via @DiariodoPoder https://t.co/A3SjePswVp
Sat May 23 23:51:56 +0000 2020,1264343337659707392,"@claudioedantas @YouTube SOMOS 100% BOLSONARO,chupa esquerdalha."
Sat May 23 23:51:56 +0000 2020,1264343338708279302,O mundo real n√£o √© manipul√°vel por rob√¥s
Sat May 23 23:51:57 +0000 2020,1264343339043872769,"@CarlaZambelli38 Sobre o video da reuni√£o com Bolsonaro.

O que eu ouvi:
""Eu t√¥ me lixando para a reelei√ß√£o""
""O povo me cobra e n√≥s temos que dar resposta""
""Est√£o algemando gente de bem e n√£o podemos ficar calados""
""Eu vou a qualquer lugar do territ√≥rio nacional"", e muito mais..#100%BOLSONARO"
Sat May 23 23:51:57 +0000 2020,1264343339291365377,foi o video do bolsonaro q ele menos falo bosta ate agr
Sat May 23 23:51:57 +0000 2020,1264343339693940736,Eu nunca vi o Bolsonaro trabalhando e voc√™s? #VaiTrabalharVagabundo
Sat May 23 23:51:57 +0000 2020,1264343340247658502,@charlesvoisin Le pire c‚Äôest bolsonaro
Sat May 23 23:51:57 +0000 2020,1264343341526855680,#VaiTrabalharVagabundo
Sat May 23 23:51:58 +0000 2020,1264343344953655309,@BotSentinel Ningu√©m aguenta os Bolsonaro https://t.co/AQDFxykmk5
Sat May 23 23:51:58 +0000 2020,1264343345494659072,"N√£o, vejo que vc n√£o entendeu foi √© NADA"
Sat May 23 23:51:58 +0000 2020,1264343345905709058,fam√≠lia
Sat May 23 23:51:58 +0000 2020,1264343347042320385,"¬´Salaud¬ª, ¬´(gouverneurs) de merde¬ª: la vid√©o hallucinante de Bolsonaro d√©rapant https://t.co/v2og80hXig"
Sat May 23 23:51:59 +0000 2020,1264343347944140801,@alesilva_38 Tem alguma manifesta√ß√£o em BH? Pr√≥ Bolsonaro?
Sat May 23 23:51:59 +0000 2020,1264343349114351619,#VaiTrabalharVagabundo Bolsonaro s√≥ sabe alucinar em reuni√µes... Para ele isso √© que √© trabalhar...
Sat May 23 23:51:59 +0000 2020,1264343351165411328,@lesso62431453 @M0R02022 @BolsonaroSP O cara fala do Bolsonaro e usa foto do barack obama kkkkkkkkkkkkkkkkkkkkkkkk.
Sat May 23 23:52:00 +0000 2020,1264343353476481024,Pois √©
Sat May 23 23:52:01 +0000 2020,1264343356567687169,@Rogerio_1610 @CarlosBolsonaro @correio Aqui √© Bolsonaro.
Sat May 23 23:52:01 +0000 2020,1264343357674979328,"@BolsonaroSP Reuni√µes de outros presidentes √© passado, mas a reuni√£o divulgada do minto vai derrubar Bolsonaro üáßüá∑üáßüá∑üëäüëäüôèüôè #VaiTrabalharVagabundo üëéüëéüëéüëéüò†üò†üò†üò† A Gripezinha est√° matando üëéüëéüëéüëéüëé"
Sat May 23 23:52:01 +0000 2020,1264343358169919488,"https://t.co/7hGsGWRiqp

PROTESTANTES de verdade convertidos verdadeiramente ao Santo evangelho n√£o APOIAM GENOCIDAS!!"
Sat May 23 23:52:01 +0000 2020,1264343358119587841,"Geeeenteeeee! Eu t√¥ passada, o safado do Bolsonaro me chamou de bosta, eu odeiooooo aquele homem. Ele n√£o sabe o que o aguarda, ele mexeu com uma bixa loka dessa vez! Ass. #DoriaCachorrinhoDoPCC https://t.co/HuDdoOHS9j"
Sat May 23 23:51:56 +0000 2020,1264343337651372034,"Eu fui postar meus rants anti-bolsonaro no Facebook e eis que surgem

1) um bolsonarista; e

2) um ex-0f1c1@l de 1nt3l1g3nc1@ m1l1t@r daquela 3mb@1x@d@ onde eu trabalhei

querendo discutir.

√â o que eu mere√ßo por ainda postar coisas no Facebook."
Sat May 23 23:51:58 +0000 2020,1264343347214389248,"Enquanto Bolsonaro pouco se importa com o povo, e al√©m de xingar confessa v√°rios crimes, o Triplex de Lula em Vit√≥ria/ES faz campanha para ajudar as pessoas.

Antes Comit√™ Lula Livre agora Comit√™ do povo, onde os movimentos sociais se organizam para aliviar o sofrimento do povo. https://t.co/lJYNpyz3Ll"
Sat May 23 23:52:02 +0000 2020,1264343360904531968,"Sim milh√µes de vezes
#FechadoComBolsonaro 
#BolsonaroReeleito"
Sat May 23 23:52:02 +0000 2020,1264343361130860544,Vaza novo ‚ÄòZap Zap‚Äô entre Moro e Bolsonaro e o que est√° nele deixa Brasil perplexo https://t.co/VKylEKyGAX
Sat May 23 23:52:02 +0000 2020,1264343363014320130,"@LuciaPrestes2 @Karla_GaRS @felipeneto U√©, mas ela tolera o Bolsonaro üò≥"
Sat May 23 23:52:02 +0000 2020,1264343363794489344,"Sistema ultra sofisticado....TIAS DO ZAP!!!!
@claudia_estrel @taoquei1"
Sat May 23 23:52:03 +0000 2020,1264343364427755522,#cdnpoli #qcpoli
Sat May 23 23:52:03 +0000 2020,1264343365325336577,@JulianaAjuliano @AvanteB38 @ajulysantos A oposi√ß√£o acha que os eleitores de Bolsonaro o considera um Messias. Pat√©tico.
Sat May 23 23:52:03 +0000 2020,1264343365245644802,"Eu quero a minha arma, quero eu direito de me defender e defender minha fam√≠lia e propriedade."
Sat May 23 23:52:03 +0000 2020,1264343365652557828,"@CarlosBolsonaro Olha a√≠, eu n√£o tenho como ter informa√ß√£o nenhuma, mas se tivesse tentaria levar at√© o Carlos Bolsonaro, qual o problema disso? Acho que todos os bolsonarianos fariam o mesmo e assim ele pode ter um esquema espont√¢neo de informa√ß√£o."
Sat May 23 23:52:03 +0000 2020,1264343365807734789,@a_jessicao Fechado com Bolsonaro #BolsonaroReeleito
Sat May 23 23:52:03 +0000 2020,1264343366076182529,"Bolsonaro √© pilantra? √â. √â vagabundo? √â. Nada mais justo que cham√°-lo pela alcunha devida...

#vaitrabalharvagabundo"
Sat May 23 23:52:03 +0000 2020,1264343367112110080,"Se n√£o tirarem ele de l√° logo, entregar√° em frangalhos."
Sat May 23 23:52:03 +0000 2020,1264343368080986117,@RamosPredo e pior √© quando ela vem criticar bolsonaro mas repete os atos d merda dele
Sat May 23 23:52:04 +0000 2020,1264343368596938753,parece eu falando quando eu fico com raiva
Sat May 23 23:52:04 +0000 2020,1264343368999604225,QUE HOMBRE BOLSONARO GOBERNAME LA VIDA
Sat May 23 23:52:04 +0000 2020,1264343369502916609,"harry styles ariana gaga rain on me sour candy chromatica kpop jikook taekook au +18 hot porn porn√¥ lesbian webdom dom sub websub nicki felipe neto bolsonaro coronav√≠rus #followtrick siga todos que fav esse tweet rt mutuals boneco sorry jungkook bts lana

https://t.co/SNcKzDS8Gj"
Sat May 23 23:52:04 +0000 2020,1264343369599377413,@sairnaporrada Bolsonaro ja ganho
Sat May 23 23:52:04 +0000 2020,1264343371046367236,üòÇüòÇüòÇ Se lascou!
Sat May 23 23:52:04 +0000 2020,1264343371436503041,"@jdoriajr Vira homem!
Bolsonaro nos representa!
Merda!
#BolsonaroReeleito"
Sat May 23 23:52:05 +0000 2020,1264343373793710081,Kkkkkk.... vcs n√£o v√£o derrubar @jairbolsonaro ! Pode tentar !
Sat May 23 23:52:05 +0000 2020,1264343376574496771,@Estadao Em 2027!  Bolsonaro 2022 j√°!
Sat May 23 23:52:06 +0000 2020,1264343376914153479,"s√≥ uma surra? mataria sem d√≥, amoh"
Sat May 23 23:52:06 +0000 2020,1264343378096988170,@MarcosQuezado1 Ser√° que o Bolsonaro t√° preocupado com ele? Bolsonaro √© a not√≠cia n√£o ao contr√°rio.
Sat May 23 23:52:06 +0000 2020,1264343378369675264,Bolsonaro se revoltou com diretor da PRF por ele divulgar nota de pesar a agente morto por Covid-19 https://t.co/iDIaPWXUiO
Sat May 23 23:52:06 +0000 2020,1264343378814210055,Falaram at√©  #VaitrabalharVagabundo
Sat May 23 23:52:06 +0000 2020,1264343379103698944,pelo menos conquistamos a liberta INVICTOS
Sat May 23 23:52:06 +0000 2020,1264343379955064834,"jair messias bolsonaro PRESIDENTE DO BRASIL

Apoiem o Site https://t.co/JBv2ofp1bG -

o Site LOCALMAPA Ap√≥ia #BolsonaroReeleito  

Siga Tamb√©m, Bolsonarista, Bolsonariano SIGO TODOS

AQUI √â BOLSONARO -"
Sat May 23 23:52:06 +0000 2020,1264343380387037185,"@WORD_NEWSS Bolsonaro grava reuni√£o ministerial no Pal√°cio do Planalto, enquanto Maia faz reuni√µes com Ministros do STF, alguns  deputados e senadores, as escondidas na casa dele... Eu quero ver esse v√≠deo tamb√©m...pode n√£o ter palavr√£o, mas ter√° muito conchavo e trai√ß√£o"
Sat May 23 23:52:07 +0000 2020,1264343382144487424,"√â QUE LADR√ÉO GOSTA DE SER GOVERNADO POR LADR√ÉO. SIMPLES ASSIM... VIVA NOSSO PRESIDENTE BOLSONARO! O MELHOROU PRESIDENTE DE TODOS OS TEMPOS!!    FORA TODOS OS COMUNISTAS !FECHAR STF URGENTE!

https://t.co/faFSmmH9b6"
Sat May 23 23:52:07 +0000 2020,1264343383138545664,@camilaxsprm eca o bolsonaro t√° perde de mim
Sat May 23 23:52:07 +0000 2020,1264343383897706497,@mdmadrigal @FilhoRq @UOLNoticias Bolsonaro sempre
Sat May 23 23:52:08 +0000 2020,1264343385533550593,#ForaBolsonaro  @paulacamara_  @pacefeco
Sat May 23 23:52:08 +0000 2020,1264343387391524866,@beneklausyahoo1 @jh_carvalhoo @vamosdedireita https://t.co/5xf0KgNBYK
Sat May 23 23:52:08 +0000 2020,1264343388096249856,"@RenatoFB90 @Bolsoneas @SF_Moro Bolsonaro age como Ditador comunista, age como ditador comunista, tenta controlar a PF e o ex√©rcito assim como os ditadores comunistas, ataca a imprensa como um ditador comunista, amea√ßa a democracia assim como um ditador comunista, ent√£o perai.... Isso, Bolsonaro √© comunista!"
Sat May 23 23:52:08 +0000 2020,1264343387983020033,"BOLSONARO sai √†s ruas e gera briga entre o povo, ouve-se gritos emitidos por transeuntes com as palavras ""mito"", ""safado"" e ""genocida"". Na ocasi√£o o presidencialista est√° saboreando um aparente sanduba."
Sat May 23 23:52:08 +0000 2020,1264343388226191362,V√çDEO ‚Äì Bolsonaro sai para comer cachorro-quente e √© expulso por panela√ßo https://t.co/RDKgD3fddB
Sat May 23 23:52:08 +0000 2020,1264343388469460993,"@PPReacaFla2 @DexteraDomini1 @Naninha3108 @VavaORetorno @Gusttra @veiagagalhaess @AvonChama38 @lesixel @BReacionary @BolsoRaiser @ViiCapitao @Kriegewinter @MortadeladAvila @castil2007 @coxinhabrasil79 @realchenx @castelabranca @CastroElainy @mor_eo @portelamansandr @AlessaVid @direitafisio1 SOMOS 100% BOLSONARO,chupa esquerdalha."
Sat May 23 23:52:08 +0000 2020,1264343388826017793,Imagens de prazer e satisfa√ß√£o #vaitrabalharvagabundo
Sat May 23 23:52:08 +0000 2020,1264343389077753858,"@SophiaRossi10 @EmAltoeBomTom @Glau_Franco Acho que a prezada est√° enganada.
O Presidente que esfacelou o pacote anticrime foi o do Congresso.
Bolsonaro precisa de pessoas que ombreiem com ele.
N√£o dei meu voto pra Moro, nem para nenhum ministro, mas para o Presidente e, at√© o momento, tenho orgulho deste meu voto."
Sat May 23 23:52:09 +0000 2020,1264343389358694400,#BolsonaroReeleito üòâ
Sat May 23 23:52:09 +0000 2020,1264343392894533632,"por mim voc√™ pode defender o bolsonaro a vontade, desde que seja bem longe de mim"
Sat May 23 23:52:10 +0000 2020,1264343396543594496,√ìtima an√°lise da Debora G. Barbosa - Pres. @jairbolsonaro - 175 - Sobre A Presid√™ncia De Jair Bolsonaro E O Futuro Do Brasil https://t.co/GvCjGPaR4y via @YouTube
Sat May 23 23:52:10 +0000 2020,1264343396740747264,"Mas, N√£o Era S√≥ Tirar o @ptbrasil!!!???"
Sat May 23 23:52:12 +0000 2020,1264343402340024322,#VaiTrabalharVagabundo
Sat May 23 23:52:12 +0000 2020,1264343405133549569,"@vinicampos99 @PauloMarinhoRio @AndreiaSadi Respeito tua opini√£o. N√£o sou tucana, s√≥ creio q Bolsonaro foi ingrato com v√°rias autoridades em especial quem o acolheu e era seu aliado. Se ele queria mamar, n√£o sei, s√≥ sei q quem vai mamar legal, √© o centr√£o com o apoio do Valdemar Costa Neto e Roberto Jefferson."
Sat May 23 23:52:13 +0000 2020,1264343407616561157,"‚ù§Ô∏èWe received a donation from Bolsonaro A, thank you! Without kind and loyal supporters like Bolsonaro, Bot Sentinel wouldn't be possible! If you would like to help support Bot Sentinel, you too can make a donation here:  https://t.co/WXBMMfCZOx"
Sat May 23 23:52:13 +0000 2020,1264343408547594240,"@OGlobo_Mundo Imagino o bolsonaro numa reuni√£o diplom√°tica. Todos os l√≠deres mundiais rindo da cara dele  e o Trump dizendo "" eu protego meu bb, eu roubo toda a Amaz√¥nia e ele diz que me ama"". BRASIL ACIMA DE TUDO"
Sat May 23 23:52:13 +0000 2020,1264343408778371086,"@joaoamoedonovo Se orgulham de dizer que ""o Novo √© um partifo de ideias, n√£o de pessoas"". Se seu problema √© com a est√©tica agressiva de Bolsonaro e n√£o com sua pol√≠tica, a diverg√™ncia √© pessoal, n√£o de ideias.

N√£o tente se pintar como a alternativa real que n√£o √© e nunca foi. Est√£o afinadinhos."
Sat May 23 23:52:13 +0000 2020,1264343409088704514,"@realDonaldTrump Trump 2020 
Bolsonaro 2022 
üí™üí™üí™"
Sat May 23 23:52:14 +0000 2020,1264343410246389762,"PT, PSDB, PSOL e PCdoB antes queriam que o v√≠deo da reuni√£o ministerial de Bolsonaro fosse divulgado na √≠ntegra.  Agora entram na justi√ßa para que o v√≠deo seja retirado de circula√ß√£o, por considerarem-no como propaganda eleitoral antecipada. Est√£o doidinhos .. https://t.co/5CXH3LLqmT"
Sat May 23 23:52:14 +0000 2020,1264343410841976840,"@PastorMalafaia A casa caiu para o Bolsonaro, Malafaia!"
Sat May 23 23:52:14 +0000 2020,1264343410753900544,Trago as boas novas
Sat May 23 23:52:14 +0000 2020,1264343411496300545,"Saudades de quando meu cabelo estava assim, n√£o existia Covid-19 e nem Bolsonaro no governo. ü•∫ https://t.co/0ePHhwVHNT"
Sat May 23 23:52:14 +0000 2020,1264343412305735685,"@leandroruschel j√° que o d√≥ria adiantou alguns feriados, porque n√£o adiantam a reelei√ß√£o de Bolsonaro,......meu presidente te amo ‚ù§"
Sat May 23 23:52:15 +0000 2020,1264343416613351424,"vontade de assassinar o bolsonaro, seus apoiadores e todos os bilion√°rios da terra"
Sat May 23 23:52:16 +0000 2020,1264343419201224704,Nem assisto. J√° estou convencido mais 4 anos e essa cambada vai morrer de tanto √≥dio
Sat May 23 23:52:16 +0000 2020,1264343419134058496,"Inacredit√°vel! Em plena pandemia este √© o projeto, armar o povo ."
Sat May 23 23:52:17 +0000 2020,1264343426872590336,"FALA MAL DO BOLSONARO MAS FORJOU OS DOCUMENTOS PRA RECEBER O AUX√çLIO EMERGENCIAL!   QUE BONITO, HEIN!!! üëçüèª"
